{"FristpageinputVal": "Finance/Accounting",
"formData": {"howMuchTime": "Within 48 hours?", "firstname": "finaltouch", "lastname": "finaltouch", "companyname": "finaltouch", "email": "finaltouch","firstname": "finaltouch",
"hours": true,
"howMuchTime": "Within 48 hours?",
"lastname": "finaltouch",
"phone":"9999999999"},
"inputVal": "string",
"itemTag": [],
"loading": false,
"price": "Standard",
"redirect": false,
"saveVa": false,
"secondpage":  ["d", "g", "j", "k", "t"],
"show": false,
"start": "",
"tabValue": 5,
"userInputSkills": ["q","w","e","rt"],
"vaCount": ["d": {"d": 3},
    "g": {"g": 1},
    "j": {"j": 3},
    "k": {"k": 1},
    "t": {"t": 6},
    ],
"vaDays": [0: {"d": "M"},
    1: {"d": "W"},
    2: {"g": "W"},
    3: {"g": "F"},
    4: {"j": "F"},
    5: {"j": "S"},
    6: {"k": "Th"},
    7: {"t": "T"},
    8: {"t": "W"}],
"vaTime": {"j": {"vatimeStart": "23:50", "vatimeEnd": "02:53"},
"k": {"vatimeStart": "23:51", "vatimeEnd": "01:52"}
}
}